{
    "return_stat": {
        "count": 14802600,
        "mean": 231.1838853738774,
        "var": 160911793850.73428
    },
    "run_id": "mfprvdiv",
    "total_iterations": 98684,
    "total_timesteps": 10395067904
}