{
    "return_stat": {
        "count": 15255900,
        "mean": 230.62946070882242,
        "var": 470408788263.86304
    },
    "run_id": "ykjyocra",
    "total_iterations": 101706,
    "total_timesteps": 7395016192
}